<?xml version='1.0' encoding='UTF-8'?>
<CANSettings>
    <CANIndex Index="0">
        <DevType>0</DevType>
        <WorkMode>1</WorkMode>
        <BusOff>0</BusOff>
        <Retransmission>1</Retransmission>
        <RelayMode>0</RelayMode>
        <BaudRate>0</BaudRate>
        <BS1>2</BS1>
        <BS2>1</BS2>
        <SJW>1</SJW>
        <BRP>9</BRP>
        <SimplePoint>75</SimplePoint>
        <SimplePointLable>75.00%</SimplePointLable>
    </CANIndex>
    <CANIndex Index="1">
        <DevType>0</DevType>
        <WorkMode>0</WorkMode>
        <BusOff>0</BusOff>
        <Retransmission>1</Retransmission>
        <RelayMode>0</RelayMode>
        <BaudRate>0</BaudRate>
        <BS1>2</BS1>
        <BS2>1</BS2>
        <SJW>1</SJW>
        <BRP>9</BRP>
        <SimplePoint>75</SimplePoint>
        <SimplePointLable>75.00%</SimplePointLable>
    </CANIndex>
</CANSettings>
